customer_code,customer,average_discount_percentage
90002009,Flipkart,31.000000
90002006,Viveks,30.000000
90002002,Croma,30.000000
90002003,Ezone,30.000000
90002016,"Amazon ",29.000000
